Name,Value
Tin,-0.32119
z2,-0.295938
Tcin2,-0.218504
Tcin1,-0.0828284
Fs1,-0.0646274
z1,-0.0196633
Fs2,0.000783697
Tout1,0.00440092
Tout2,0.0437266
Press,0.173995
Tmax1,0.175499
Fi1,0.178191
Fi2,0.20584
Tmax2,0.299954
