Name,Value
L0,0.0700188
L1,-0.149442
L2,-0.394376
L3,-0.545287
L4,-0.498292
L5,-0.3615
L6,-0.196427
L7,-0.0330836
L8,0.121598
L9,0.205885
L10,0.209915
Y.Kappa,0.296866
