Name,Value
Y-Kappa.L1,0.662686
Y-Kappa.L2,0.455632
Y-Kappa.L3,0.232856
Y-Kappa.L4,0.0290485
Y-Kappa.L5,-0.120922
Y-Kappa.L6,-0.184475
Y-Kappa.L7,-0.180461
Y-Kappa.L8,-0.128364
Y-Kappa.L9,-0.0635996
Y-Kappa.L10,0.0351332
Y-Kappa.L11,0.129894
Y-Kappa.L12,0.159048
Y-Kappa.L13,0.165944
Y-Kappa.L14,0.193739
Y-Kappa.L15,0.182669
Y-Kappa.L16,0.134759
Y-Kappa.L17,0.105959
Y-Kappa.L18,0.0486534
Y-Kappa.L19,-0.0605517
Y-Kappa.L20,-0.138475
